acc_table,id,1
acc_table,Datetimehccu,1
acc_table,DatetimeSMU1,1
acc_table,Ld1_Total_imp_kWh,1
acc_table,Gen1_Run_hour_h,1
acc_table,Gen2_Run_hour_h,1
acc_table,Gen3_Run_hour_h,1
acc_table,Gen4_Run_hour_h,1
acc_table,Gen5_Run_hour_h,1
alarm_hccu_table,id,1
alarm_hccu_table,DatetimeServer,1
alarm_hccu_table,DatetimeDell,1
alarm_hccu_table,Datetimehccu,1
alarm_hccu_table,ISC_comm_fail,1
alarm_hccu_table,ISC_Standby,1
alarm_hccu_table,ISC_Running,0
alarm_hccu_table,ISC_Fault,0
alarm_hccu_table,BDI1_comm_fail,0
alarm_hccu_table,BDI1_Standby,0
alarm_hccu_table,BDI1_Running,0
alarm_hccu_table,BDI1_Fault,0
alarm_hccu_table,BDI2_comm_fail,0
alarm_hccu_table,BDI2_Standby,0
alarm_hccu_table,BDI2_Running,0
alarm_hccu_table,BDI2_Fault,0
alarm_hccu_table,BDI3_comm_fail,0
alarm_hccu_table,BDI3_Standby,0
alarm_hccu_table,BDI3_Running,0
alarm_hccu_table,BDI3_Fault,0
alarm_hccu_table,BDI4_comm_fail,0
alarm_hccu_table,BDI4_Standby,0
alarm_hccu_table,BDI4_Running,0
alarm_hccu_table,BDI4_Fault,0
alarm_hccu_table,SCM1_comm_fail,0
alarm_hccu_table,SCM1_Run_Charger,0
alarm_hccu_table,SCM1_Standby,0
alarm_hccu_table,SCM1_Running,0
alarm_hccu_table,SCM1_Fault,0
alarm_hccu_table,SCM2_comm_fail,0
alarm_hccu_table,SCM2_Run_Charger,0
alarm_hccu_table,SCM2_Standby,0
alarm_hccu_table,SCM2_Running,0
alarm_hccu_table,SCM2_Fault,0
alarm_hccu_table,SCM3_comm_fail,0
alarm_hccu_table,SCM3_Run_Charger,0
alarm_hccu_table,SCM3_Standby,0
alarm_hccu_table,SCM3_Running,0
alarm_hccu_table,SCM3_Fault,0
alarm_hccu_table,SCM4_comm_fail,0
alarm_hccu_table,SCM4_Run_Charger,0
alarm_hccu_table,SCM4_Standby,0
alarm_hccu_table,SCM4_Running,0
alarm_hccu_table,SCM4_Fault,0
alarm_hccu_table,SCM5_comm_fail,0
alarm_hccu_table,SCM5_Run_Charger,0
alarm_hccu_table,SCM5_Standby,0
alarm_hccu_table,SCM5_Running,0
alarm_hccu_table,SCM5_Fault,0
alarm_hccu_table,SCM6_comm_fail,0
alarm_hccu_table,SCM6_Run_Charger,0
alarm_hccu_table,SCM6_Standby,0
alarm_hccu_table,SCM6_Running,0
alarm_hccu_table,SCM6_Fault,0
alarm_hccu_table,SCM7_comm_fail,0
alarm_hccu_table,SCM7_Run_Charger,0
alarm_hccu_table,SCM7_Standby,0
alarm_hccu_table,SCM7_Running,0
alarm_hccu_table,SCM7_Fault,0
alarm_hccu_table,SCM8_comm_fail,0
alarm_hccu_table,SCM8_Run_Charger,0
alarm_hccu_table,SCM8_Standby,0
alarm_hccu_table,SCM8_Running,0
alarm_hccu_table,SCM8_Fault,0
alarm_hccu_table,SCM9_comm_fail,0
alarm_hccu_table,SCM9_Run_Charger,0
alarm_hccu_table,SCM9_Standby,0
alarm_hccu_table,SCM9_Running,0
alarm_hccu_table,SCM9_Fault,0
alarm_hccu_table,SCM10_comm_fail,0
alarm_hccu_table,SCM10_Run_Charger,0
alarm_hccu_table,SCM10_Standby,0
alarm_hccu_table,SCM10_Running,0
alarm_hccu_table,SCM10_Fault,0
alarm_hccu_table,SCM11_comm_fail,0
alarm_hccu_table,SCM11_Run_Charger,0
alarm_hccu_table,SCM11_Standby,0
alarm_hccu_table,SCM11_Running,0
alarm_hccu_table,SCM11_Fault,0
alarm_hccu_table,SCM12_comm_fail,0
alarm_hccu_table,SCM12_Run_Charger,0
alarm_hccu_table,SCM12_Standby,0
alarm_hccu_table,SCM12_Running,0
alarm_hccu_table,SCM12_Fault,0
alarm_hccu_table,SCM13_comm_fail,0
alarm_hccu_table,SCM13_Run_Charger,0
alarm_hccu_table,SCM13_Standby,0
alarm_hccu_table,SCM13_Running,0
alarm_hccu_table,SCM13_Fault,0
alarm_hccu_table,SCM14_comm_fail,0
alarm_hccu_table,SCM14_Run_Charger,0
alarm_hccu_table,SCM14_Standby,0
alarm_hccu_table,SCM14_Running,0
alarm_hccu_table,SCM14_Fault,0
alarm_hccu_table,SCM15_comm_fail,0
alarm_hccu_table,SCM15_Run_Charger,0
alarm_hccu_table,SCM15_Standby,0
alarm_hccu_table,SCM15_Running,0
alarm_hccu_table,SCM15_Fault,0
alarm_hccu_table,GTP1_comm_fail,0
alarm_hccu_table,GTP1_Standby,0
alarm_hccu_table,GTP1_Running,0
alarm_hccu_table,GTP1_Fault,0
alarm_hccu_table,GTP2_comm_fail,0
alarm_hccu_table,GTP2_Standby,0
alarm_hccu_table,GTP2_Running,0
alarm_hccu_table,GTP2_Fault,0
alarm_hccu_table,GTP3_comm_fail,0
alarm_hccu_table,GTP3_Standby,0
alarm_hccu_table,GTP3_Running,0
alarm_hccu_table,GTP3_Fault,0
alarm_hccu_table,GTP4_comm_fail,0
alarm_hccu_table,GTP4_Standby,0
alarm_hccu_table,GTP4_Running,0
alarm_hccu_table,GTP4_Fault,0
alarm_hccu_table,GTP5_comm_fail,0
alarm_hccu_table,GTP5_Standby,0
alarm_hccu_table,GTP5_Running,0
alarm_hccu_table,GTP5_Fault,0
alarm_hccu_table,GTP6_comm_fail,0
alarm_hccu_table,GTP6_Standby,0
alarm_hccu_table,GTP6_Running,0
alarm_hccu_table,GTP6_Fault,0
alarm_hccu_table,OPM_comm_fail,0
alarm_hccu_table,SMU_RM_comm_fail,0
alarm_hccu_table,G4300TL_M_comm_fail,0
alarm_hccu_table,Ld1_comm_fail,0
alarm_hccu_table,Gen_controller_comm1_fail,0
alarm_hccu_table,Gen_controller_comm2_fail,0
alarm_hccu_table,Gen_controller_comm3_fail,0
alarm_hccu_table,Gen_controller_comm4_fail,0
alarm_hccu_table,Gen_controller_comm5_fail,0
alarm_hccu_table,MET_ONE_comm_fail,0
alarm_hccu_table,Hccu_comm_fail,0
alarm_hccu_table,LBM1_comm_fail,0
alarm_hccu_table,LBM2_comm_fail,0
alarm_hccu_table,LBM3_comm_fail,0
alarm_hccu_table,LBM4_comm_fail,0
alarm_hccu_table,LBM5_comm_fail,0
alarm_hccu_table,LBM6_comm_fail,0
alarm_hccu_table,LBM7_comm_fail,0
alarm_hccu_table,LBM8_comm_fail,0
alarm_hccu_table,LBM9_comm_fail,0
alarm_hccu_table,LBM10_comm_fail,0
alarm_hccu_table,LBM11_comm_fail,0
alarm_hccu_table,LBM12_comm_fail,0
alarm_hccu_table,LBM13_comm_fail,0
alarm_hccu_table,LBM14_comm_fail,0
alarm_hccu_table,LBM15_comm_fail,0
alarm_hccu_table,LBM16_comm_fail,0
alarm_hccu_table,LBM17_comm_fail,0
alarm_hccu_table,LBM18_comm_fail,0
alarm_hccu_table,LBM19_comm_fail,0
alarm_hccu_table,LBM20_comm_fail,0
alarm_hccu_table,LBM21_comm_fail,0
alarm_hccu_table,LBM22_comm_fail,0
alarm_hccu_table,LBM23_comm_fail,0
alarm_hccu_table,LBM24_comm_fail,0
alarm_hccu_table,LBM25_comm_fail,0
alarm_hccu_table,LBM26_comm_fail,0
alarm_hccu_table,LBM27_comm_fail,0
alarm_hccu_table,LBM28_comm_fail,0
alarm_hccu_table,LBM29_comm_fail,0
alarm_hccu_table,LBM30_comm_fail,0
alarm_hccu_table,LBM31_comm_fail,0
alarm_hccu_table,LBM32_comm_fail,0
alarm_hccu_table,LBM33_comm_fail,0
alarm_hccu_table,LBM34_comm_fail,0
alarm_hccu_table,LBM35_comm_fail,0
alarm_hccu_table,LBM36_comm_fail,0
alarm_hccu_table,LBM37_comm_fail,0
alarm_hccu_table,LBM38_comm_fail,0
alarm_hccu_table,LBM39_comm_fail,0
alarm_hccu_table,LBM40_comm_fail,0
alarm_hccu_table,LBM41_comm_fail,0
alarm_hccu_table,LBM42_comm_fail,0
alarm_hccu_table,LBM43_comm_fail,0
alarm_hccu_table,LBM44_comm_fail,0
alarm_hccu_table,LBM45_comm_fail,0
alarm_hccu_table,LBM46_comm_fail,0
alarm_hccu_table,LBM47_comm_fail,0
alarm_hccu_table,LBM48_comm_fail,0
alarm_hccu_table,LBM49_comm_fail,0
alarm_hccu_table,LBM50_comm_fail,0
alarm_hccu_table,LBM51_comm_fail,0
alarm_hccu_table,LBM52_comm_fail,0
alarm_hccu_table,LBM53_comm_fail,0
alarm_hccu_table,LBM54_comm_fail,0
alarm_hccu_table,LBM55_comm_fail,0
alarm_hccu_table,LBM56_comm_fail,0
alarm_hccu_table,LBM57_comm_fail,0
alarm_hccu_table,LBM58_comm_fail,0
alarm_hccu_table,LBM59_comm_fail,0
alarm_hccu_table,LBM60_comm_fail,0
alarm_hccu_table,LBM61_comm_fail,0
alarm_hccu_table,LBM62_comm_fail,0
alarm_hccu_table,LBM63_comm_fail,0
alarm_hccu_table,LBM64_comm_fail,0
alarm_hccu_table,LBM65_comm_fail,0
alarm_hccu_table,LBM66_comm_fail,0
alarm_hccu_table,LBM67_comm_fail,0
alarm_hccu_table,LBM68_comm_fail,0
alarm_hccu_table,LBM69_comm_fail,0
alarm_hccu_table,LBM70_comm_fail,0
alarm_hccu_table,LBM71_comm_fail,0
alarm_hccu_table,LBM72_comm_fail,0
alarm_hccu_table,Status_wall_room,0
energy_hccu_table,id,1
energy_hccu_table,DatetimeServer,1
energy_hccu_table,SCMkWh,1
energy_hccu_table,GTPkWh,1
energy_hccu_table,GenkWh,1
energy_hccu_table,FrmBattkWh,1
energy_hccu_table,TLdkWh,1
energy_hccu_table,ToBattkWh,1
energy_hccu_table,Ein,1
energy_hccu_table,Euse,1
energy_hccu_table,Yr,1
energy_hccu_table,YA,1
energy_hccu_table,LC,1
energy_hccu_table,Ls,1
energy_hccu_table,Yf,1
energy_hccu_table,PR,1
energy_hccu_table,nLoad,1
energy_hccu_table,nAmean,1
energy_hccu_table,nTOT,1
energy_hccu_table,nInv,1
energy_hccu_table,REf,1
energy_hccu_table,Gen1_hr,1
energy_hccu_table,Gen2_hr,1
energy_hccu_table,Gen3_hr,1
energy_hccu_table,Gen4_hr,1
energy_hccu_table,Gen5_hr,1
energy_hccu_table,SCMkWh1,1
energy_hccu_table,SCMkWh2,1
energy_hccu_table,SCMkWh3,1
energy_hccu_table,SCMkWh4,1
energy_hccu_table,SCMkWh5,1
energy_hccu_table,SCMkWh6,1
energy_hccu_table,SCMkWh7,1
energy_hccu_table,SCMkWh8,1
energy_hccu_table,SCMkWh9,1
energy_hccu_table,SCMkWh10,1
energy_hccu_table,SCMkWh11,1
energy_hccu_table,SCMkWh12,1
energy_hccu_table,SCMkWh13,1
energy_hccu_table,SCMkWh14,1
energy_hccu_table,SCMkWh15,1
energy_hccu_table,GTPkWh1,1
energy_hccu_table,GTPkWh2,1
energy_hccu_table,GTPkWh3,1
energy_hccu_table,GTPkWh4,1
energy_hccu_table,GTPkWh5,1
energy_hccu_table,GTPkWh6,1
energy_hccu_table,G1_Today,1
energy_hccu_table,G1_Yf,1
energy_hccu_table,G1_PR,1
energy_hccu_table,DLC_kWh,1
energy_hccu_table,Yr_G,1
energy_hccu_table,GTPAckWh1,1
energy_hccu_table,GTPAckWh2,1
energy_hccu_table,GTPAckWh3,1
energy_hccu_table,GTPAckWh4,1
energy_hccu_table,GTPAckWh5,1
energy_hccu_table,GTPAckWh6,1
energy_hccu_table,Avg_Pvtemp,1
energy_hccu_table,Avg_Ambtemp,1
energy_hccu_table,Avg_LdkW,1
energy_hccu_table,Max_LdkW,1
energy_hccu_table,cal2_SCMkWh,1
energy_hccu_table,cal2_GTP_Pv_kWh,1
energy_hccu_table,cal2_GTP_Ac_kWh,1
energy_hccu_table,cal2_PvkWh,1
energy_hccu_table,cal2_GenkWh,1
energy_hccu_table,cal2_FrmBattkWh,1
energy_hccu_table,cal2_ToBattkWh,1
energy_hccu_table,cal2_TLdkWh,1
energy_hccu_table,cal2_TldkWh_plus,1
energy_hccu_table,cal2_TldkWh_minus,1
energy_hccu_table,cal2_Yr,1
energy_hccu_table,cal2_YAdc,1
energy_hccu_table,cal2_YAac,1
energy_hccu_table,cal2_ELD2,1
energy_hccu_table,cal2_SCMDC,1
energy_hccu_table,cal2_SCM_to_LD,1
energy_hccu_table,cal2_SCM_to_BAT,1
energy_hccu_table,cal2_GTP_to_BAT,1
energy_hccu_table,cal2_GTP_to_LD,1
energy_hccu_table,cal2_Ein2,1
energy_hccu_table,cal2_Euse2,1
energy_hccu_table,cal2_nLoad2,1
energy_hccu_table,cal2_YfacL,1
energy_hccu_table,cal2_YfacB,1
energy_hccu_table,cal2_Yfac,1
energy_hccu_table,cal2_PRacL,1
energy_hccu_table,cal2_PRacB,1
energy_hccu_table,cal2_PRac,1
energy_hccu_table,cal2_YfdcL,1
energy_hccu_table,cal2_YfdcB,1
energy_hccu_table,cal2_Yfdc,1
energy_hccu_table,cal2_PRdcL,1
energy_hccu_table,cal2_PRdcB,1
energy_hccu_table,cal2_PRdc,1
energy_hccu_table,cal2_YfsL,1
energy_hccu_table,cal2_YfsB,1
energy_hccu_table,cal2_Yfs,1
energy_hccu_table,cal2_PRsL,1
energy_hccu_table,cal2_PRsB,1
energy_hccu_table,cal2_PRs,1
energy_hccu_table,cal2_Yas,1
energy_hccu_table,cal2_Lcac,1
energy_hccu_table,cal2_Lsac,1
energy_hccu_table,cal2_Lcdc,1
energy_hccu_table,cal2_Lsdc,1
energy_hccu_table,cal2_Lcs,1
energy_hccu_table,cal2_Lss,1
energy_hccu_table,cal2_Max_LD,1
gen_pm_hccu_table,id,1
gen_pm_hccu_table,DatetimeServer,1
gen_pm_hccu_table,DatetimeDell,1
gen_pm_hccu_table,Datetimehccu,1
gen_pm_hccu_table,DatetimeSMU2,1
gen_pm_hccu_table,Pm1_V1,1
gen_pm_hccu_table,Pm1_V2,1
gen_pm_hccu_table,Pm1_V3,1
gen_pm_hccu_table,Pm1_I1,1
gen_pm_hccu_table,Pm1_I2,1
gen_pm_hccu_table,Pm1_I3,1
gen_pm_hccu_table,Pm1_V12,1
gen_pm_hccu_table,Pm1_V23,1
gen_pm_hccu_table,Pm1_V31,1
gen_pm_hccu_table,Pm1_kW_Ph1,1
gen_pm_hccu_table,Pm1_kW_Ph2,1
gen_pm_hccu_table,Pm1_kW_Ph3,1
gen_pm_hccu_table,Pm1_Total_kW,1
gen_pm_hccu_table,Pm1_kvar_Ph1,1
gen_pm_hccu_table,Pm1_kvar_Ph2,1
gen_pm_hccu_table,Pm1_kvar_Ph3,1
gen_pm_hccu_table,Pm1_Total_kvar,1
gen_pm_hccu_table,Pm1_kVA_Ph1,1
gen_pm_hccu_table,Pm1_kVA_Ph2,1
gen_pm_hccu_table,Pm1_kVA_Ph3,1
gen_pm_hccu_table,Pm1_Total_VA,1
gen_pm_hccu_table,Pm1_PF1,1
gen_pm_hccu_table,Pm1_PF2,1
gen_pm_hccu_table,Pm1_PF3,1
gen_pm_hccu_table,Pm1_CosPhi1,1
gen_pm_hccu_table,Pm1_CosPhi2,1
gen_pm_hccu_table,Pm1_CosPhi3,1
gen_pm_hccu_table,Pm1_Freq_Hz,1
gen_pm_hccu_table,Pm1_Eqv_VLN,1
gen_pm_hccu_table,Pm1_Eqv_VLL,1
gen_pm_hccu_table,Pm1_Eqv_In,1
gen_pm_hccu_table,Pm1_Eqv_kW,1
gen_pm_hccu_table,Pm1_Eqv_kVar,1
gen_pm_hccu_table,Pm1_Eqv_kVA,1
gen_pm_hccu_table,Pm1_Eqv_PF,1
gen_pm_hccu_table,Pm1_VLL_Asym,1
gen_pm_hccu_table,Pm1_VLN_Asym,1
gen_pm_hccu_table,Pm1_I_Asym,1
gen_pm_hccu_table,Pm1_In_Asym,1
gen_pm_hccu_table,Pm1_Thd_V1,1
gen_pm_hccu_table,Pm1_Thd_V2,1
gen_pm_hccu_table,Pm1_Thd_V3,1
gen_pm_hccu_table,Pm1_Thd_I1,1
gen_pm_hccu_table,Pm1_Thd_I2,1
gen_pm_hccu_table,Pm1_Thd_I3,1
gen_pm_hccu_table,Pm1_Thd_V12,1
gen_pm_hccu_table,Pm1_Thd_V23,1
gen_pm_hccu_table,Pm1_Thd_V31,1
gen_pm_hccu_table,Pm1_Thd_VNE,1
gen_pm_hccu_table,Pm1_Thd_In,1
gen_pm_hccu_table,Pm1_Total_imp_kWh,1
gen_pm_hccu_table,Pm1_Total_exp_kWh,1
gen_pm_hccu_table,Pm1_Total_imp_kVarh,1
gen_pm_hccu_table,Pm1_Total_exp_kVarh,1
gen_pm_hccu_table,Pm1_Total_exp_kVAh,1
gen_pm_hccu_table,Pm1_Part_imp_kWh,1
gen_pm_hccu_table,Pm1_Part_exp_kWh,1
gen_pm_hccu_table,Pm1_Part_imp_kVarh,1
gen_pm_hccu_table,Pm1_Part_exp_kVarh,1
gen_pm_hccu_table,Pm1_Part_kVAh,1
gen_pm_hccu_table,Pm2_V1,1
gen_pm_hccu_table,Pm2_V2,1
gen_pm_hccu_table,Pm2_V3,1
gen_pm_hccu_table,Pm2_I1,1
gen_pm_hccu_table,Pm2_I2,1
gen_pm_hccu_table,Pm2_I3,1
gen_pm_hccu_table,Pm2_V12,1
gen_pm_hccu_table,Pm2_V23,1
gen_pm_hccu_table,Pm2_V31,1
gen_pm_hccu_table,Pm2_kW_Ph1,1
gen_pm_hccu_table,Pm2_kW_Ph2,1
gen_pm_hccu_table,Pm2_kW_Ph3,1
gen_pm_hccu_table,Pm2_Total_kW,1
gen_pm_hccu_table,Pm2_kvar_Ph1,1
gen_pm_hccu_table,Pm2_kvar_Ph2,1
gen_pm_hccu_table,Pm2_kvar_Ph3,1
gen_pm_hccu_table,Pm2_Total_kvar,1
gen_pm_hccu_table,Pm2_kVA_Ph1,1
gen_pm_hccu_table,Pm2_kVA_Ph2,1
gen_pm_hccu_table,Pm2_kVA_Ph3,1
gen_pm_hccu_table,Pm2_Total_VA,1
gen_pm_hccu_table,Pm2_PF1,1
gen_pm_hccu_table,Pm2_PF2,1
gen_pm_hccu_table,Pm2_PF3,1
gen_pm_hccu_table,Pm2_CosPhi1,1
gen_pm_hccu_table,Pm2_CosPhi2,1
gen_pm_hccu_table,Pm2_CosPhi3,1
gen_pm_hccu_table,Pm2_Freq_Hz,1
gen_pm_hccu_table,Pm2_Eqv_VLN,1
gen_pm_hccu_table,Pm2_Eqv_VLL,1
gen_pm_hccu_table,Pm2_Eqv_In,1
gen_pm_hccu_table,Pm2_Eqv_kW,1
gen_pm_hccu_table,Pm2_Eqv_kVar,1
gen_pm_hccu_table,Pm2_Eqv_kVA,1
gen_pm_hccu_table,Pm2_Eqv_PF,1
gen_pm_hccu_table,Pm2_VLL_Asym,1
gen_pm_hccu_table,Pm2_VLN_Asym,1
gen_pm_hccu_table,Pm2_I_Asym,1
gen_pm_hccu_table,Pm2_In_Asym,1
gen_pm_hccu_table,Pm2_Thd_V1,1
gen_pm_hccu_table,Pm2_Thd_V2,1
gen_pm_hccu_table,Pm2_Thd_V3,1
gen_pm_hccu_table,Pm2_Thd_I1,1
gen_pm_hccu_table,Pm2_Thd_I2,1
gen_pm_hccu_table,Pm2_Thd_I3,1
gen_pm_hccu_table,Pm2_Thd_V12,1
gen_pm_hccu_table,Pm2_Thd_V23,1
gen_pm_hccu_table,Pm2_Thd_V31,1
gen_pm_hccu_table,Pm2_Thd_VNE,1
gen_pm_hccu_table,Pm2_Thd_In,1
gen_pm_hccu_table,Pm2_Total_imp_kWh,1
gen_pm_hccu_table,Pm2_Total_exp_kWh,1
gen_pm_hccu_table,Pm2_Total_imp_kVarh,1
gen_pm_hccu_table,Pm2_Total_exp_kVarh,1
gen_pm_hccu_table,Pm2_Total_exp_kVAh,1
gen_pm_hccu_table,Pm2_Part_imp_kWh,1
gen_pm_hccu_table,Pm2_Part_exp_kWh,1
gen_pm_hccu_table,Pm2_Part_imp_kVarh,1
gen_pm_hccu_table,Pm2_Part_exp_kVarh,1
gen_pm_hccu_table,Pm2_Part_kVAh,1
gen_pm_hccu_table,Pm3_V1,1
gen_pm_hccu_table,Pm3_V2,1
gen_pm_hccu_table,Pm3_V3,1
gen_pm_hccu_table,Pm3_I1,1
gen_pm_hccu_table,Pm3_I2,1
gen_pm_hccu_table,Pm3_I3,1
gen_pm_hccu_table,Pm3_V12,1
gen_pm_hccu_table,Pm3_V23,1
gen_pm_hccu_table,Pm3_V31,1
gen_pm_hccu_table,Pm3_kW_Ph1,1
gen_pm_hccu_table,Pm3_kW_Ph2,1
gen_pm_hccu_table,Pm3_kW_Ph3,1
gen_pm_hccu_table,Pm3_Total_kW,1
gen_pm_hccu_table,Pm3_kvar_Ph1,1
gen_pm_hccu_table,Pm3_kvar_Ph2,1
gen_pm_hccu_table,Pm3_kvar_Ph3,1
gen_pm_hccu_table,Pm3_Total_kvar,1
gen_pm_hccu_table,Pm3_kVA_Ph1,1
gen_pm_hccu_table,Pm3_kVA_Ph2,1
gen_pm_hccu_table,Pm3_kVA_Ph3,1
gen_pm_hccu_table,Pm3_Total_VA,1
gen_pm_hccu_table,Pm3_PF1,1
gen_pm_hccu_table,Pm3_PF2,1
gen_pm_hccu_table,Pm3_PF3,1
gen_pm_hccu_table,Pm3_CosPhi1,1
gen_pm_hccu_table,Pm3_CosPhi2,1
gen_pm_hccu_table,Pm3_CosPhi3,1
gen_pm_hccu_table,Pm3_Freq_Hz,1
gen_pm_hccu_table,Pm3_Eqv_VLN,1
gen_pm_hccu_table,Pm3_Eqv_VLL,1
gen_pm_hccu_table,Pm3_Eqv_In,1
gen_pm_hccu_table,Pm3_Eqv_kW,1
gen_pm_hccu_table,Pm3_Eqv_kVar,1
gen_pm_hccu_table,Pm3_Eqv_kVA,1
gen_pm_hccu_table,Pm3_Eqv_PF,1
gen_pm_hccu_table,Pm3_VLL_Asym,1
gen_pm_hccu_table,Pm3_VLN_Asym,1
gen_pm_hccu_table,Pm3_I_Asym,1
gen_pm_hccu_table,Pm3_In_Asym,1
gen_pm_hccu_table,Pm3_Thd_V1,1
gen_pm_hccu_table,Pm3_Thd_V2,1
gen_pm_hccu_table,Pm3_Thd_V3,1
gen_pm_hccu_table,Pm3_Thd_I1,1
gen_pm_hccu_table,Pm3_Thd_I2,1
gen_pm_hccu_table,Pm3_Thd_I3,1
gen_pm_hccu_table,Pm3_Thd_V12,1
gen_pm_hccu_table,Pm3_Thd_V23,1
gen_pm_hccu_table,Pm3_Thd_V31,1
gen_pm_hccu_table,Pm3_Thd_VNE,1
gen_pm_hccu_table,Pm3_Thd_In,1
gen_pm_hccu_table,Pm3_Total_imp_kWh,1
gen_pm_hccu_table,Pm3_Total_exp_kWh,1
gen_pm_hccu_table,Pm3_Total_imp_kVarh,1
gen_pm_hccu_table,Pm3_Total_exp_kVarh,1
gen_pm_hccu_table,Pm3_Total_exp_kVAh,1
gen_pm_hccu_table,Pm3_Part_imp_kWh,1
gen_pm_hccu_table,Pm3_Part_exp_kWh,1
gen_pm_hccu_table,Pm3_Part_imp_kVarh,1
gen_pm_hccu_table,Pm3_Part_exp_kVarh,1
gen_pm_hccu_table,Pm3_Part_kVAh,1
gen_pm_hccu_table,Pm4_V1,1
gen_pm_hccu_table,Pm4_V2,1
gen_pm_hccu_table,Pm4_V3,1
gen_pm_hccu_table,Pm4_I1,1
gen_pm_hccu_table,Pm4_I2,1
gen_pm_hccu_table,Pm4_I3,1
gen_pm_hccu_table,Pm4_V12,1
gen_pm_hccu_table,Pm4_V23,1
gen_pm_hccu_table,Pm4_V31,1
gen_pm_hccu_table,Pm4_kW_Ph1,1
gen_pm_hccu_table,Pm4_kW_Ph2,1
gen_pm_hccu_table,Pm4_kW_Ph3,1
gen_pm_hccu_table,Pm4_Total_kW,1
gen_pm_hccu_table,Pm4_kvar_Ph1,1
gen_pm_hccu_table,Pm4_kvar_Ph2,1
gen_pm_hccu_table,Pm4_kvar_Ph3,1
gen_pm_hccu_table,Pm4_Total_kvar,1
gen_pm_hccu_table,Pm4_kVA_Ph1,1
gen_pm_hccu_table,Pm4_kVA_Ph2,1
gen_pm_hccu_table,Pm4_kVA_Ph3,1
gen_pm_hccu_table,Pm4_Total_VA,1
gen_pm_hccu_table,Pm4_PF1,1
gen_pm_hccu_table,Pm4_PF2,1
gen_pm_hccu_table,Pm4_PF3,1
gen_pm_hccu_table,Pm4_CosPhi1,1
gen_pm_hccu_table,Pm4_CosPhi2,1
gen_pm_hccu_table,Pm4_CosPhi3,1
gen_pm_hccu_table,Pm4_Freq_Hz,1
gen_pm_hccu_table,Pm4_Eqv_VLN,1
gen_pm_hccu_table,Pm4_Eqv_VLL,1
gen_pm_hccu_table,Pm4_Eqv_In,1
gen_pm_hccu_table,Pm4_Eqv_kW,1
gen_pm_hccu_table,Pm4_Eqv_kVar,1
gen_pm_hccu_table,Pm4_Eqv_kVA,1
gen_pm_hccu_table,Pm4_Eqv_PF,1
gen_pm_hccu_table,Pm4_VLL_Asym,1
gen_pm_hccu_table,Pm4_VLN_Asym,1
gen_pm_hccu_table,Pm4_I_Asym,1
gen_pm_hccu_table,Pm4_In_Asym,1
gen_pm_hccu_table,Pm4_Thd_V1,1
gen_pm_hccu_table,Pm4_Thd_V2,1
gen_pm_hccu_table,Pm4_Thd_V3,1
gen_pm_hccu_table,Pm4_Thd_I1,1
gen_pm_hccu_table,Pm4_Thd_I2,1
gen_pm_hccu_table,Pm4_Thd_I3,1
gen_pm_hccu_table,Pm4_Thd_V12,1
gen_pm_hccu_table,Pm4_Thd_V23,1
gen_pm_hccu_table,Pm4_Thd_V31,1
gen_pm_hccu_table,Pm4_Thd_VNE,1
gen_pm_hccu_table,Pm4_Thd_In,1
gen_pm_hccu_table,Pm4_Total_imp_kWh,1
gen_pm_hccu_table,Pm4_Total_exp_kWh,1
gen_pm_hccu_table,Pm4_Total_imp_kVarh,1
gen_pm_hccu_table,Pm4_Total_exp_kVarh,1
gen_pm_hccu_table,Pm4_Total_exp_kVAh,1
gen_pm_hccu_table,Pm4_Part_imp_kWh,1
gen_pm_hccu_table,Pm4_Part_exp_kWh,1
gen_pm_hccu_table,Pm4_Part_imp_kVarh,1
gen_pm_hccu_table,Pm4_Part_exp_kVarh,1
gen_pm_hccu_table,Pm4_Part_kVAh,1
gen_pm_hccu_table,SMU2_Out1,1
gen_pm_hccu_table,SMU2_Out2,1
gen_pm_hccu_table,SMU2_Out3,1
gen_pm_hccu_table,SMU2_Out4,1
gen_pm_hccu_table,SMU2_Out5,1
gen_pm_hccu_table,SMU2_Out6,1
gen_pm_hccu_table,SMU2_Out7,1
gen_pm_hccu_table,SMU2_Out8,1
gen_pm_hccu_table,SMU2_In1,1
gen_pm_hccu_table,SMU2_In2,1
gen_pm_hccu_table,SMU2_In3,1
gen_pm_hccu_table,SMU2_In4,1
gen_pm_hccu_table,SMU2_In5,1
gen_pm_hccu_table,SMU2_In6,1
gen_pm_hccu_table,SMU2_In7,1
gen_pm_hccu_table,SMU2_In8,1
gen_pm_hccu_table,DatetimeSMU3,1
gen_pm_hccu_table,Pm5_V1,1
gen_pm_hccu_table,Pm5_V2,1
gen_pm_hccu_table,Pm5_V3,1
gen_pm_hccu_table,Pm5_I1,1
gen_pm_hccu_table,Pm5_I2,1
gen_pm_hccu_table,Pm5_I3,1
gen_pm_hccu_table,Pm5_V12,1
gen_pm_hccu_table,Pm5_V23,1
gen_pm_hccu_table,Pm5_V31,1
gen_pm_hccu_table,Pm5_kW_Ph1,1
gen_pm_hccu_table,Pm5_kW_Ph2,1
gen_pm_hccu_table,Pm5_kW_Ph3,1
gen_pm_hccu_table,Pm5_Total_kW,1
gen_pm_hccu_table,Pm5_kvar_Ph1,1
gen_pm_hccu_table,Pm5_kvar_Ph2,1
gen_pm_hccu_table,Pm5_kvar_Ph3,1
gen_pm_hccu_table,Pm5_Total_kvar,1
gen_pm_hccu_table,Pm5_kVA_Ph1,1
gen_pm_hccu_table,Pm5_kVA_Ph2,1
gen_pm_hccu_table,Pm5_kVA_Ph3,1
gen_pm_hccu_table,Pm5_Total_VA,1
gen_pm_hccu_table,Pm5_PF1,1
gen_pm_hccu_table,Pm5_PF2,1
gen_pm_hccu_table,Pm5_PF3,1
gen_pm_hccu_table,Pm5_CosPhi1,1
gen_pm_hccu_table,Pm5_CosPhi2,1
gen_pm_hccu_table,Pm5_CosPhi3,1
gen_pm_hccu_table,Pm5_Freq_Hz,1
gen_pm_hccu_table,Pm5_Eqv_VLN,1
gen_pm_hccu_table,Pm5_Eqv_VLL,1
gen_pm_hccu_table,Pm5_Eqv_In,1
gen_pm_hccu_table,Pm5_Eqv_kW,1
gen_pm_hccu_table,Pm5_Eqv_kVar,1
gen_pm_hccu_table,Pm5_Eqv_kVA,1
gen_pm_hccu_table,Pm5_Eqv_PF,1
gen_pm_hccu_table,Pm5_VLL_Asym,1
gen_pm_hccu_table,Pm5_VLN_Asym,1
gen_pm_hccu_table,Pm5_I_Asym,1
gen_pm_hccu_table,Pm5_In_Asym,1
gen_pm_hccu_table,Pm5_Thd_V1,1
gen_pm_hccu_table,Pm5_Thd_V2,1
gen_pm_hccu_table,Pm5_Thd_V3,1
gen_pm_hccu_table,Pm5_Thd_I1,1
gen_pm_hccu_table,Pm5_Thd_I2,1
gen_pm_hccu_table,Pm5_Thd_I3,1
gen_pm_hccu_table,Pm5_Thd_V12,1
gen_pm_hccu_table,Pm5_Thd_V23,1
gen_pm_hccu_table,Pm5_Thd_V31,1
gen_pm_hccu_table,Pm5_Thd_VNE,1
gen_pm_hccu_table,Pm5_Thd_In,1
gen_pm_hccu_table,Pm5_Total_imp_kWh,1
gen_pm_hccu_table,Pm5_Total_exp_kWh,1
gen_pm_hccu_table,Pm5_Total_imp_kVarh,1
gen_pm_hccu_table,Pm5_Total_exp_kVarh,1
gen_pm_hccu_table,Pm5_Total_exp_kVAh,1
gen_pm_hccu_table,Pm5_Part_imp_kWh,1
gen_pm_hccu_table,Pm5_Part_exp_kWh,1
gen_pm_hccu_table,Pm5_Part_imp_kVarh,1
gen_pm_hccu_table,Pm5_Part_exp_kVarh,1
gen_pm_hccu_table,Pm5_Part_kVAh,1
gen_pm_hccu_table,Pm6_V1,1
gen_pm_hccu_table,Pm6_V2,1
gen_pm_hccu_table,Pm6_V3,1
gen_pm_hccu_table,Pm6_I1,1
gen_pm_hccu_table,Pm6_I2,1
gen_pm_hccu_table,Pm6_I3,1
gen_pm_hccu_table,Pm6_V12,1
gen_pm_hccu_table,Pm6_V23,1
gen_pm_hccu_table,Pm6_V31,1
gen_pm_hccu_table,Pm6_kW_Ph1,1
gen_pm_hccu_table,Pm6_kW_Ph2,1
gen_pm_hccu_table,Pm6_kW_Ph3,1
gen_pm_hccu_table,Pm6_Total_kW,1
gen_pm_hccu_table,Pm6_kvar_Ph1,1
gen_pm_hccu_table,Pm6_kvar_Ph2,1
gen_pm_hccu_table,Pm6_kvar_Ph3,1
gen_pm_hccu_table,Pm6_Total_kvar,1
gen_pm_hccu_table,Pm6_kVA_Ph1,1
gen_pm_hccu_table,Pm6_kVA_Ph2,1
gen_pm_hccu_table,Pm6_kVA_Ph3,1
gen_pm_hccu_table,Pm6_Total_VA,1
gen_pm_hccu_table,Pm6_PF1,1
gen_pm_hccu_table,Pm6_PF2,1
gen_pm_hccu_table,Pm6_PF3,1
gen_pm_hccu_table,Pm6_CosPhi1,1
gen_pm_hccu_table,Pm6_CosPhi2,1
gen_pm_hccu_table,Pm6_CosPhi3,1
gen_pm_hccu_table,Pm6_Freq_Hz,1
gen_pm_hccu_table,Pm6_Eqv_VLN,1
gen_pm_hccu_table,Pm6_Eqv_VLL,1
gen_pm_hccu_table,Pm6_Eqv_In,1
gen_pm_hccu_table,Pm6_Eqv_kW,1
gen_pm_hccu_table,Pm6_Eqv_kVar,1
gen_pm_hccu_table,Pm6_Eqv_kVA,1
gen_pm_hccu_table,Pm6_Eqv_PF,1
gen_pm_hccu_table,Pm6_VLL_Asym,1
gen_pm_hccu_table,Pm6_VLN_Asym,1
gen_pm_hccu_table,Pm6_I_Asym,1
gen_pm_hccu_table,Pm6_In_Asym,1
gen_pm_hccu_table,Pm6_Thd_V1,1
gen_pm_hccu_table,Pm6_Thd_V2,1
gen_pm_hccu_table,Pm6_Thd_V3,1
gen_pm_hccu_table,Pm6_Thd_I1,1
gen_pm_hccu_table,Pm6_Thd_I2,1
gen_pm_hccu_table,Pm6_Thd_I3,1
gen_pm_hccu_table,Pm6_Thd_V12,1
gen_pm_hccu_table,Pm6_Thd_V23,1
gen_pm_hccu_table,Pm6_Thd_V31,1
gen_pm_hccu_table,Pm6_Thd_VNE,1
gen_pm_hccu_table,Pm6_Thd_In,1
gen_pm_hccu_table,Pm6_Total_imp_kWh,1
gen_pm_hccu_table,Pm6_Total_exp_kWh,1
gen_pm_hccu_table,Pm6_Total_imp_kVarh,1
gen_pm_hccu_table,Pm6_Total_exp_kVarh,1
gen_pm_hccu_table,Pm6_Total_exp_kVAh,1
gen_pm_hccu_table,Pm6_Part_imp_kWh,1
gen_pm_hccu_table,Pm6_Part_exp_kWh,1
gen_pm_hccu_table,Pm6_Part_imp_kVarh,1
gen_pm_hccu_table,Pm6_Part_exp_kVarh,1
gen_pm_hccu_table,Pm6_Part_kVAh,1
gen_pm_hccu_table,Pm7_V1,1
gen_pm_hccu_table,Pm7_V2,1
gen_pm_hccu_table,Pm7_V3,1
gen_pm_hccu_table,Pm7_I1,1
gen_pm_hccu_table,Pm7_I2,1
gen_pm_hccu_table,Pm7_I3,1
gen_pm_hccu_table,Pm7_V12,1
gen_pm_hccu_table,Pm7_V23,1
gen_pm_hccu_table,Pm7_V31,1
gen_pm_hccu_table,Pm7_kW_Ph1,1
gen_pm_hccu_table,Pm7_kW_Ph2,1
gen_pm_hccu_table,Pm7_kW_Ph3,1
gen_pm_hccu_table,Pm7_Total_kW,1
gen_pm_hccu_table,Pm7_kvar_Ph1,1
gen_pm_hccu_table,Pm7_kvar_Ph2,1
gen_pm_hccu_table,Pm7_kvar_Ph3,1
gen_pm_hccu_table,Pm7_Total_kvar,1
gen_pm_hccu_table,Pm7_kVA_Ph1,1
gen_pm_hccu_table,Pm7_kVA_Ph2,1
gen_pm_hccu_table,Pm7_kVA_Ph3,1
gen_pm_hccu_table,Pm7_Total_VA,1
gen_pm_hccu_table,Pm7_PF1,1
gen_pm_hccu_table,Pm7_PF2,1
gen_pm_hccu_table,Pm7_PF3,1
gen_pm_hccu_table,Pm7_CosPhi1,1
gen_pm_hccu_table,Pm7_CosPhi2,1
gen_pm_hccu_table,Pm7_CosPhi3,1
gen_pm_hccu_table,Pm7_Freq_Hz,1
gen_pm_hccu_table,Pm7_Eqv_VLN,1
gen_pm_hccu_table,Pm7_Eqv_VLL,1
gen_pm_hccu_table,Pm7_Eqv_In,1
gen_pm_hccu_table,Pm7_Eqv_kW,1
gen_pm_hccu_table,Pm7_Eqv_kVar,1
gen_pm_hccu_table,Pm7_Eqv_kVA,1
gen_pm_hccu_table,Pm7_Eqv_PF,1
gen_pm_hccu_table,Pm7_VLL_Asym,1
gen_pm_hccu_table,Pm7_VLN_Asym,1
gen_pm_hccu_table,Pm7_I_Asym,1
gen_pm_hccu_table,Pm7_In_Asym,1
gen_pm_hccu_table,Pm7_Thd_V1,1
gen_pm_hccu_table,Pm7_Thd_V2,1
gen_pm_hccu_table,Pm7_Thd_V3,1
gen_pm_hccu_table,Pm7_Thd_I1,1
gen_pm_hccu_table,Pm7_Thd_I2,1
gen_pm_hccu_table,Pm7_Thd_I3,1
gen_pm_hccu_table,Pm7_Thd_V12,1
gen_pm_hccu_table,Pm7_Thd_V23,1
gen_pm_hccu_table,Pm7_Thd_V31,1
gen_pm_hccu_table,Pm7_Thd_VNE,1
gen_pm_hccu_table,Pm7_Thd_In,1
gen_pm_hccu_table,Pm7_Total_imp_kWh,1
gen_pm_hccu_table,Pm7_Total_exp_kWh,1
gen_pm_hccu_table,Pm7_Total_imp_kVarh,1
gen_pm_hccu_table,Pm7_Total_exp_kVarh,1
gen_pm_hccu_table,Pm7_Total_exp_kVAh,1
gen_pm_hccu_table,Pm7_Part_imp_kWh,1
gen_pm_hccu_table,Pm7_Part_exp_kWh,1
gen_pm_hccu_table,Pm7_Part_imp_kVarh,1
gen_pm_hccu_table,Pm7_Part_exp_kVarh,1
gen_pm_hccu_table,Pm7_Part_kVAh,1
gen_pm_hccu_table,Pm8_V1,1
gen_pm_hccu_table,Pm8_V2,1
gen_pm_hccu_table,Pm8_V3,1
gen_pm_hccu_table,Pm8_I1,1
gen_pm_hccu_table,Pm8_I2,1
gen_pm_hccu_table,Pm8_I3,1
gen_pm_hccu_table,Pm8_V12,1
gen_pm_hccu_table,Pm8_V23,1
gen_pm_hccu_table,Pm8_V31,1
gen_pm_hccu_table,Pm8_kW_Ph1,1
gen_pm_hccu_table,Pm8_kW_Ph2,1
gen_pm_hccu_table,Pm8_kW_Ph3,1
gen_pm_hccu_table,Pm8_Total_kW,1
gen_pm_hccu_table,Pm8_kvar_Ph1,1
gen_pm_hccu_table,Pm8_kvar_Ph2,1
gen_pm_hccu_table,Pm8_kvar_Ph3,1
gen_pm_hccu_table,Pm8_Total_kvar,1
gen_pm_hccu_table,Pm8_kVA_Ph1,1
gen_pm_hccu_table,Pm8_kVA_Ph2,1
gen_pm_hccu_table,Pm8_kVA_Ph3,1
gen_pm_hccu_table,Pm8_Total_VA,1
gen_pm_hccu_table,Pm8_PF1,1
gen_pm_hccu_table,Pm8_PF2,1
gen_pm_hccu_table,Pm8_PF3,1
gen_pm_hccu_table,Pm8_CosPhi1,1
gen_pm_hccu_table,Pm8_CosPhi2,1
gen_pm_hccu_table,Pm8_CosPhi3,1
gen_pm_hccu_table,Pm8_Freq_Hz,1
gen_pm_hccu_table,Pm8_Eqv_VLN,1
gen_pm_hccu_table,Pm8_Eqv_VLL,1
gen_pm_hccu_table,Pm8_Eqv_In,1
gen_pm_hccu_table,Pm8_Eqv_kW,1
gen_pm_hccu_table,Pm8_Eqv_kVar,1
gen_pm_hccu_table,Pm8_Eqv_kVA,1
gen_pm_hccu_table,Pm8_Eqv_PF,1
gen_pm_hccu_table,Pm8_VLL_Asym,1
gen_pm_hccu_table,Pm8_VLN_Asym,1
gen_pm_hccu_table,Pm8_I_Asym,1
gen_pm_hccu_table,Pm8_In_Asym,1
gen_pm_hccu_table,Pm8_Thd_V1,1
gen_pm_hccu_table,Pm8_Thd_V2,1
gen_pm_hccu_table,Pm8_Thd_V3,1
gen_pm_hccu_table,Pm8_Thd_I1,1
gen_pm_hccu_table,Pm8_Thd_I2,1
gen_pm_hccu_table,Pm8_Thd_I3,1
gen_pm_hccu_table,Pm8_Thd_V12,1
gen_pm_hccu_table,Pm8_Thd_V23,1
gen_pm_hccu_table,Pm8_Thd_V31,1
gen_pm_hccu_table,Pm8_Thd_VNE,1
gen_pm_hccu_table,Pm8_Thd_In,1
gen_pm_hccu_table,Pm8_Total_imp_kWh,1
gen_pm_hccu_table,Pm8_Total_exp_kWh,1
gen_pm_hccu_table,Pm8_Total_imp_kVarh,1
gen_pm_hccu_table,Pm8_Total_exp_kVarh,1
gen_pm_hccu_table,Pm8_Total_exp_kVAh,1
gen_pm_hccu_table,Pm8_Part_imp_kWh,1
gen_pm_hccu_table,Pm8_Part_exp_kWh,1
gen_pm_hccu_table,Pm8_Part_imp_kVarh,1
gen_pm_hccu_table,Pm8_Part_exp_kVarh,1
gen_pm_hccu_table,Pm8_Part_kVAh,1
gen_pm_hccu_table,SMU3_Out1,1
gen_pm_hccu_table,SMU3_Out2,1
gen_pm_hccu_table,SMU3_Out3,1
gen_pm_hccu_table,SMU3_Out4,1
gen_pm_hccu_table,SMU3_Out5,1
gen_pm_hccu_table,SMU3_Out6,1
gen_pm_hccu_table,SMU3_Out7,1
gen_pm_hccu_table,SMU3_Out8,1
gen_pm_hccu_table,SMU3_In1,1
gen_pm_hccu_table,SMU3_In2,1
gen_pm_hccu_table,SMU3_In3,1
gen_pm_hccu_table,SMU3_In4,1
gen_pm_hccu_table,SMU3_In5,1
gen_pm_hccu_table,SMU3_In6,1
gen_pm_hccu_table,SMU3_In7,1
gen_pm_hccu_table,SMU3_In8,1
main_hccu_table,id,1
main_hccu_table,DatetimeServer,1
main_hccu_table,DatetimeDell,1
main_hccu_table,Datetimehccu,1
main_hccu_table,DatetimeSMU1,1
main_hccu_table,Ld1_V1,1
main_hccu_table,Ld1_V2,1
main_hccu_table,Ld1_V3,1
main_hccu_table,Ld1_I1,1
main_hccu_table,Ld1_I2,1
main_hccu_table,Ld1_I3,1
main_hccu_table,Ld1_V12,1
main_hccu_table,Ld1_V23,1
main_hccu_table,Ld1_V31,1
main_hccu_table,Ld1_kW_Ph1,1
main_hccu_table,Ld1_kW_Ph2,1
main_hccu_table,Ld1_kW_Ph3,1
main_hccu_table,Ld1_Total_kW,1
main_hccu_table,Ld1_kvar_Ph1,1
main_hccu_table,Ld1_kvar_Ph2,1
main_hccu_table,Ld1_kvar_Ph3,1
main_hccu_table,Ld1_Total_kvar,1
main_hccu_table,Ld1_kVA_Ph1,1
main_hccu_table,Ld1_kVA_Ph2,1
main_hccu_table,Ld1_kVA_Ph3,1
main_hccu_table,Ld1_Total_VA,1
main_hccu_table,Ld1_PF1,1
main_hccu_table,Ld1_PF2,1
main_hccu_table,Ld1_PF3,1
main_hccu_table,Ld1_CosPhi1,1
main_hccu_table,Ld1_CosPhi2,1
main_hccu_table,Ld1_CosPhi3,1
main_hccu_table,Ld1_Freq_Hz,1
main_hccu_table,Ld1_Eqv_VLN,1
main_hccu_table,Ld1_Eqv_VLL,1
main_hccu_table,Ld1_Eqv_In,1
main_hccu_table,Ld1_Eqv_kW,1
main_hccu_table,Ld1_Eqv_kVar,1
main_hccu_table,Ld1_Eqv_kVA,1
main_hccu_table,Ld1_Eqv_PF,1
main_hccu_table,Ld1_VLL_Asym,1
main_hccu_table,Ld1_VLN_Asym,1
main_hccu_table,Ld1_I_Asym,1
main_hccu_table,Ld1_In_Asym,1
main_hccu_table,Ld1_Thd_V1,1
main_hccu_table,Ld1_Thd_V2,1
main_hccu_table,Ld1_Thd_V3,1
main_hccu_table,Ld1_Thd_I1,1
main_hccu_table,Ld1_Thd_I2,1
main_hccu_table,Ld1_Thd_I3,1
main_hccu_table,Ld1_Thd_V12,1
main_hccu_table,Ld1_Thd_V23,1
main_hccu_table,Ld1_Thd_V31,1
main_hccu_table,Ld1_Thd_VNE,1
main_hccu_table,Ld1_Thd_In,1
main_hccu_table,Ld1_Total_imp_kWh,1
main_hccu_table,Ld1_Total_exp_kWh,1
main_hccu_table,Ld1_Total_imp_kVarh,1
main_hccu_table,Ld1_Total_exp_kVarh,1
main_hccu_table,Ld1_Total_exp_kVAh,1
main_hccu_table,Ld1_Part_imp_kWh,1
main_hccu_table,Ld1_Part_exp_kWh,1
main_hccu_table,Ld1_Part_imp_kVarh,1
main_hccu_table,Ld1_Part_exp_kVarh,1
main_hccu_table,Ld1_Part_kVAh,1
main_hccu_table,Gen1_Power_factor,1
main_hccu_table,Gen1_Total_Power_W,1
main_hccu_table,Gen1_I1,1
main_hccu_table,Gen1_I2,1
main_hccu_table,Gen1_I3,1
main_hccu_table,Gen1_V1n,1
main_hccu_table,Gen1_V2n,1
main_hccu_table,Gen1_V3n,1
main_hccu_table,Gen1_Total_ReactivePower_W,1
main_hccu_table,Gen1_Analog1_percent,1
main_hccu_table,Gen1_Analog2_percent,1
main_hccu_table,Gen1_Analog3_percent,1
main_hccu_table,Gen1_Analog4_percent,1
main_hccu_table,Gen1_VoltageL1_L2,1
main_hccu_table,Gen1_VoltageL2_L3,1
main_hccu_table,Gen1_VoltageL3_L1,1
main_hccu_table,Gen1_Real_Energy_MWh,1
main_hccu_table,Gen1_Run_hour_h,1
main_hccu_table,Gen1_State_Input8,0
main_hccu_table,Gen1_Engine,0
main_hccu_table,Gen2_Power_factor,1
main_hccu_table,Gen2_Total_Power_W,1
main_hccu_table,Gen2_I1,1
main_hccu_table,Gen2_I2,1
main_hccu_table,Gen2_I3,1
main_hccu_table,Gen2_V1n,1
main_hccu_table,Gen2_V2n,1
main_hccu_table,Gen2_V3n,1
main_hccu_table,Gen2_Total_ReactivePower_W,1
main_hccu_table,Gen2_Analog1_percent,1
main_hccu_table,Gen2_Analog2_percent,1
main_hccu_table,Gen2_Analog3_percent,1
main_hccu_table,Gen2_Analog4_percent,1
main_hccu_table,Gen2_VoltageL1_L2,1
main_hccu_table,Gen2_VoltageL2_L3,1
main_hccu_table,Gen2_VoltageL3_L1,1
main_hccu_table,Gen2_Real_Energy_MWh,1
main_hccu_table,Gen2_Run_hour_h,1
main_hccu_table,Gen2_State_Input8,0
main_hccu_table,Gen2_Engine,0
main_hccu_table,Gen3_Power_factor,1
main_hccu_table,Gen3_Total_Power_W,1
main_hccu_table,Gen3_I1,1
main_hccu_table,Gen3_I2,1
main_hccu_table,Gen3_I3,1
main_hccu_table,Gen3_V1n,1
main_hccu_table,Gen3_V2n,1
main_hccu_table,Gen3_V3n,1
main_hccu_table,Gen3_Total_ReactivePower_W,1
main_hccu_table,Gen3_Analog1_percent,1
main_hccu_table,Gen3_Analog2_percent,1
main_hccu_table,Gen3_Analog3_percent,1
main_hccu_table,Gen3_Analog4_percent,1
main_hccu_table,Gen3_VoltageL1_L2,1
main_hccu_table,Gen3_VoltageL2_L3,1
main_hccu_table,Gen3_VoltageL3_L1,1
main_hccu_table,Gen3_Real_Energy_MWh,1
main_hccu_table,Gen3_Run_hour_h,1
main_hccu_table,Gen3_State_Input8,0
main_hccu_table,Gen3_Engine,0
main_hccu_table,Gen4_Power_factor,1
main_hccu_table,Gen4_Total_Power_W,1
main_hccu_table,Gen4_I1,1
main_hccu_table,Gen4_I2,1
main_hccu_table,Gen4_I3,1
main_hccu_table,Gen4_V1n,1
main_hccu_table,Gen4_V2n,1
main_hccu_table,Gen4_V3n,1
main_hccu_table,Gen4_Total_ReactivePower_W,1
main_hccu_table,Gen4_Analog1_percent,1
main_hccu_table,Gen4_Analog2_percent,1
main_hccu_table,Gen4_Analog3_percent,1
main_hccu_table,Gen4_Analog4_percent,1
main_hccu_table,Gen4_VoltageL1_L2,1
main_hccu_table,Gen4_VoltageL2_L3,1
main_hccu_table,Gen4_VoltageL3_L1,1
main_hccu_table,Gen4_Real_Energy_MWh,1
main_hccu_table,Gen4_Run_hour_h,1
main_hccu_table,Gen4_State_Input8,0
main_hccu_table,Gen4_Engine,0
main_hccu_table,Gen5_Power_factor,1
main_hccu_table,Gen5_Total_Power_W,1
main_hccu_table,Gen5_I1,1
main_hccu_table,Gen5_I2,1
main_hccu_table,Gen5_I3,1
main_hccu_table,Gen5_V1n,1
main_hccu_table,Gen5_V2n,1
main_hccu_table,Gen5_V3n,1
main_hccu_table,Gen5_Total_ReactivePower_W,1
main_hccu_table,Gen5_Analog1_percent,1
main_hccu_table,Gen5_Analog2_percent,1
main_hccu_table,Gen5_Analog3_percent,1
main_hccu_table,Gen5_Analog4_percent,1
main_hccu_table,Gen5_VoltageL1_L2,1
main_hccu_table,Gen5_VoltageL2_L3,1
main_hccu_table,Gen5_VoltageL3_L1,1
main_hccu_table,Gen5_Real_Energy_MWh,1
main_hccu_table,Gen5_Run_hour_h,1
main_hccu_table,Gen5_State_Input8,0
main_hccu_table,Gen5_Engine,0
main_hccu_table,Wind_Speed,1
main_hccu_table,Wind_Direction,1
main_hccu_table,Ambient_Temp_No_use,1
main_hccu_table,Relative_Humidity,1
main_hccu_table,Barometric_Pressure_mbar,1
main_hccu_table,Rain_mm,1
main_hccu_table,Reserved,1
main_hccu_table,MET_Batt_Volt,1
main_hccu_table,an1,1
main_hccu_table,an2,1
main_hccu_table,an3,1
main_hccu_table,an4,1
main_hccu_table,an5,1
main_hccu_table,an6,1
main_hccu_table,Calc1_1,1
main_hccu_table,Calc1_2,1
main_hccu_table,Calc1_3,1
main_hccu_table,Calc2_1,1
main_hccu_table,Calc2_2,1
main_hccu_table,Calc2_3,1
main_hccu_table,Calc3_1,1
main_hccu_table,Calc3_2,1
main_hccu_table,Calc3_3,1
main_hccu_table,Out_1,1
main_hccu_table,Out_2,1
main_hccu_table,Out_3,1
main_hccu_table,Out_4,1
main_hccu_table,Out_5,1
main_hccu_table,Out_6,1
main_hccu_table,Out_7,1
main_hccu_table,Out_8,1
main_hccu_table,In_1,1
main_hccu_table,In_2,1
main_hccu_table,In_3,1
main_hccu_table,In_4,1
main_hccu_table,In_5,1
main_hccu_table,In_6,1
main_hccu_table,In_7,1
main_hccu_table,In_8,1
main_hccu_table,PM_Output_V1,1
main_hccu_table,PM_Output_V2,1
main_hccu_table,PM_Output_V3,1
main_hccu_table,PM_Output_I1,1
main_hccu_table,PM_Output_I2,1
main_hccu_table,PM_Output_I3,1
main_hccu_table,PM_Output_V12,1
main_hccu_table,PM_Output_V23,1
main_hccu_table,PM_Output_V31,1
main_hccu_table,PM_Output_kW_Ph1,1
main_hccu_table,PM_Output_kW_Ph2,1
main_hccu_table,PM_Output_kW_Ph3,1
main_hccu_table,PM_Output_kvar_Ph1,1
main_hccu_table,PM_Output_kvar_Ph2,1
main_hccu_table,PM_Output_kvar_Ph3,1
main_hccu_table,PM_Output_kVA_Ph1,1
main_hccu_table,PM_Output_kVA_Ph2,1
main_hccu_table,PM_Output_kVA_Ph3,1
main_hccu_table,PM_Output_PF1,1
main_hccu_table,PM_Output_PF2,1
main_hccu_table,PM_Output_PF3,1
main_hccu_table,PM_Output_Freq_Hz,1
main_hccu_table,PM_Output_Total_imp_kWh,1
main_hccu_table,PM_Output_Total_exp_kWh,1
main_hccu_table,PM_Output_Total_imp_kVarh,1
main_hccu_table,PM_Output_Total_exp_kVarh,1
main_hccu_table,PM_Output_Total_exp_kVAh,1
main_hccu_table,ISC_COMM_OK,1
main_hccu_table,ISC_Voltage_L1,1
main_hccu_table,ISC_Voltage_L2,1
main_hccu_table,ISC_Voltage_L3,1
main_hccu_table,ISC_Current_I1,1
main_hccu_table,ISC_Current_I2,1
main_hccu_table,ISC_Current_I3,1
main_hccu_table,ISC_Total_Current,1
main_hccu_table,ISC_Power1_kW,1
main_hccu_table,ISC_Power2_kW,1
main_hccu_table,ISC_Power3_kW,1
main_hccu_table,ISC_Total_Power_kW,1
main_hccu_table,ISC_FQ,1
main_hccu_table,Gen_Voltage_L1,1
main_hccu_table,Gen_Voltage_L2,1
main_hccu_table,Gen_Voltage_L3,1
main_hccu_table,Gen_Current_I1,1
main_hccu_table,Gen_Current_I2,1
main_hccu_table,Gen_Current_I3,1
main_hccu_table,Gen_Total_Current,1
main_hccu_table,Gen_Power1_kW,1
main_hccu_table,Gen_Power2_kW,1
main_hccu_table,Gen_Power3_kW,1
main_hccu_table,Gen_Total_Power_kW,1
main_hccu_table,Gen_Min,1
main_hccu_table,Gen_Pct,1
main_hccu_table,Batt_V,1
main_hccu_table,Batt_I,1
main_hccu_table,ISC_Chgr_I,1
main_hccu_table,ISC_ExtCG_I,1
main_hccu_table,ISC_SOC,1
main_hccu_table,Batt_pct,1
main_hccu_table,Batt_temp,1
main_hccu_table,EQU_Status,1
main_hccu_table,Last_EQU_Date,1
main_hccu_table,Next_EQU_Date,1
main_hccu_table,ISC_HS_Temp,1
main_hccu_table,ISC_S1_CODE64,1
main_hccu_table,ISC_Today_AcEO_kWh,1
main_hccu_table,ISC_Today_AcEI_kWh,1
main_hccu_table,ISC_Today_DcEO_kWh,1
main_hccu_table,ISC_Today_DcEI_kWh,1
main_hccu_table,ISC_Acc_AcEO_kWh,1
main_hccu_table,ISC_Acc_AcEI_kWh,1
main_hccu_table,ISC_Acc_DcEO_kWh,1
main_hccu_table,ISC_Acc_DcEI_kWh,1
main_hccu_table,Aload_Voltage_L1,1
main_hccu_table,Aload_Voltage_L2,1
main_hccu_table,Aload_Voltage_L3,1
main_hccu_table,Aload_Current_I1,1
main_hccu_table,Aload_Current_I2,1
main_hccu_table,Aload_Current_I3,1
main_hccu_table,Aload_Power1_kW,1
main_hccu_table,Aload_Power2_kW,1
main_hccu_table,Aload_Power3_kW,1
main_hccu_table,Aload_SumkW,1
main_hccu_table,SCM1_PvV,1
main_hccu_table,SCM1_PvI,1
main_hccu_table,SCM1_PvPw_kW,1
main_hccu_table,SCM1_BatV,1
main_hccu_table,SCM1_ChgI,1
main_hccu_table,SCM1_CGPwr_kW,1
main_hccu_table,SCM1_TdayPv_KWh,1
main_hccu_table,SCM1_TdayCG_kWh,1
main_hccu_table,SCM1_Temp,1
main_hccu_table,SCM2_PvV,1
main_hccu_table,SCM2_PvI,1
main_hccu_table,SCM2_PvPw_kW,1
main_hccu_table,SCM2_BatV,1
main_hccu_table,SCM2_ChgI,1
main_hccu_table,SCM2_CGPwr_kW,1
main_hccu_table,SCM2_TdayPv_KWh,1
main_hccu_table,SCM2_TdayCG_kWh,1
main_hccu_table,SCM2_Temp,1
main_hccu_table,SCM3_PvV,1
main_hccu_table,SCM3_PvI,1
main_hccu_table,SCM3_PvPw_kW,1
main_hccu_table,SCM3_BatV,1
main_hccu_table,SCM3_ChgI,1
main_hccu_table,SCM3_CGPwr_kW,1
main_hccu_table,SCM3_TdayPv_KWh,1
main_hccu_table,SCM3_TdayCG_kWh,1
main_hccu_table,SCM3_Temp,1
main_hccu_table,SCM4_PvV,1
main_hccu_table,SCM4_PvI,1
main_hccu_table,SCM4_PvPw_kW,1
main_hccu_table,SCM4_BatV,1
main_hccu_table,SCM4_ChgI,1
main_hccu_table,SCM4_CGPwr_kW,1
main_hccu_table,SCM4_TdayPv_KWh,1
main_hccu_table,SCM4_TdayCG_kWh,1
main_hccu_table,SCM4_Temp,1
main_hccu_table,SCM5_PvV,1
main_hccu_table,SCM5_PvI,1
main_hccu_table,SCM5_PvPw_kW,1
main_hccu_table,SCM5_BatV,1
main_hccu_table,SCM5_ChgI,1
main_hccu_table,SCM5_CGPwr_kW,1
main_hccu_table,SCM5_TdayPv_KWh,1
main_hccu_table,SCM5_TdayCG_kWh,1
main_hccu_table,SCM5_Temp,1
main_hccu_table,SCM6_PvV,1
main_hccu_table,SCM6_PvI,1
main_hccu_table,SCM6_PvPw_kW,1
main_hccu_table,SCM6_BatV,1
main_hccu_table,SCM6_ChgI,1
main_hccu_table,SCM6_CGPwr_kW,1
main_hccu_table,SCM6_TdayPv_KWh,1
main_hccu_table,SCM6_TdayCG_kWh,1
main_hccu_table,SCM6_Temp,1
main_hccu_table,SCM7_PvV,1
main_hccu_table,SCM7_PvI,1
main_hccu_table,SCM7_PvPw_kW,1
main_hccu_table,SCM7_BatV,1
main_hccu_table,SCM7_ChgI,1
main_hccu_table,SCM7_CGPwr_kW,1
main_hccu_table,SCM7_TdayPv_KWh,1
main_hccu_table,SCM7_TdayCG_kWh,1
main_hccu_table,SCM7_Temp,1
main_hccu_table,SCM8_PvV,1
main_hccu_table,SCM8_PvI,1
main_hccu_table,SCM8_PvPw_kW,1
main_hccu_table,SCM8_BatV,1
main_hccu_table,SCM8_ChgI,1
main_hccu_table,SCM8_CGPwr_kW,1
main_hccu_table,SCM8_TdayPv_KWh,1
main_hccu_table,SCM8_TdayCG_kWh,1
main_hccu_table,SCM8_Temp,1
main_hccu_table,SCM9_PvV,1
main_hccu_table,SCM9_PvI,1
main_hccu_table,SCM9_PvPw_kW,1
main_hccu_table,SCM9_BatV,1
main_hccu_table,SCM9_ChgI,1
main_hccu_table,SCM9_CGPwr_kW,1
main_hccu_table,SCM9_TdayPv_KWh,1
main_hccu_table,SCM9_TdayCG_kWh,1
main_hccu_table,SCM9_Temp,1
main_hccu_table,SCM10_PvV,1
main_hccu_table,SCM10_PvI,1
main_hccu_table,SCM10_PvPw_kW,1
main_hccu_table,SCM10_BatV,1
main_hccu_table,SCM10_ChgI,1
main_hccu_table,SCM10_CGPwr_kW,1
main_hccu_table,SCM10_TdayPv_KWh,1
main_hccu_table,SCM10_TdayCG_kWh,1
main_hccu_table,SCM10_Temp,1
main_hccu_table,SCM11_PvV,1
main_hccu_table,SCM11_PvI,1
main_hccu_table,SCM11_PvPw_kW,1
main_hccu_table,SCM11_BatV,1
main_hccu_table,SCM11_ChgI,1
main_hccu_table,SCM11_CGPwr_kW,1
main_hccu_table,SCM11_TdayPv_KWh,1
main_hccu_table,SCM11_TdayCG_kWh,1
main_hccu_table,SCM11_Temp,1
main_hccu_table,SCM12_PvV,1
main_hccu_table,SCM12_PvI,1
main_hccu_table,SCM12_PvPw_kW,1
main_hccu_table,SCM12_BatV,1
main_hccu_table,SCM12_ChgI,1
main_hccu_table,SCM12_CGPwr_kW,1
main_hccu_table,SCM12_TdayPv_KWh,1
main_hccu_table,SCM12_TdayCG_kWh,1
main_hccu_table,SCM12_Temp,1
main_hccu_table,SCM13_PvV,1
main_hccu_table,SCM13_PvI,1
main_hccu_table,SCM13_PvPw_kW,1
main_hccu_table,SCM13_BatV,1
main_hccu_table,SCM13_ChgI,1
main_hccu_table,SCM13_CGPwr_kW,1
main_hccu_table,SCM13_TdayPv_KWh,1
main_hccu_table,SCM13_TdayCG_kWh,1
main_hccu_table,SCM13_Temp,1
main_hccu_table,SCM14_PvV,1
main_hccu_table,SCM14_PvI,1
main_hccu_table,SCM14_PvPw_kW,1
main_hccu_table,SCM14_BatV,1
main_hccu_table,SCM14_ChgI,1
main_hccu_table,SCM14_CGPwr_kW,1
main_hccu_table,SCM14_TdayPv_KWh,1
main_hccu_table,SCM14_TdayCG_kWh,1
main_hccu_table,SCM14_Temp,1
main_hccu_table,SCM15_PvV,1
main_hccu_table,SCM15_PvI,1
main_hccu_table,SCM15_PvPw_kW,1
main_hccu_table,SCM15_BatV,1
main_hccu_table,SCM15_ChgI,1
main_hccu_table,SCM15_CGPwr_kW,1
main_hccu_table,SCM15_TdayPv_KWh,1
main_hccu_table,SCM15_TdayCG_kWh,1
main_hccu_table,SCM15_Temp,1
main_hccu_table,qlim_scm_1,1
main_hccu_table,qlim_scm_2,1
main_hccu_table,qlim_scm_3,1
main_hccu_table,qlim_scm_4,1
main_hccu_table,qlim_scm_5,1
main_hccu_table,qlim_scm_6,1
main_hccu_table,qlim_scm_7,1
main_hccu_table,qlim_scm_8,1
main_hccu_table,qlim_scm_9,1
main_hccu_table,qlim_scm_10,1
main_hccu_table,qlim_scm_11,1
main_hccu_table,qlim_scm_12,1
main_hccu_table,qlim_scm_13,1
main_hccu_table,qlim_scm_14,1
main_hccu_table,qlim_scm_15,1
main_hccu_table,GTP1_Fq,1
main_hccu_table,GTP1_Voltage_L1,1
main_hccu_table,GTP1_Voltage_L2,1
main_hccu_table,GTP1_Voltage_L3,1
main_hccu_table,GTP1_Current_I1,1
main_hccu_table,GTP1_Current_I2,1
main_hccu_table,GTP1_Current_I3,1
main_hccu_table,GTP1_Total_Current,1
main_hccu_table,GTP1_Power1_kW,1
main_hccu_table,GTP1_Power2_kW,1
main_hccu_table,GTP1_Power3_kW,1
main_hccu_table,GTP1_Total_Power_kW,1
main_hccu_table,GTP1_PvI,1
main_hccu_table,GTP1_PvV,1
main_hccu_table,GTP1_PvPw_kW,1
main_hccu_table,GTP1_HSTemp,1
main_hccu_table,GTP1_S_code,1
main_hccu_table,GTP1_S1_code,1
main_hccu_table,GTP1_TdayPv_kWh,1
main_hccu_table,GTP1_TdayAc_kWh,1
main_hccu_table,GTP1_Acc_PV_kWh,1
main_hccu_table,GTP1_Acc_AC_kWh,1
main_hccu_table,GTP2_Fq,1
main_hccu_table,GTP2_Voltage_L1,1
main_hccu_table,GTP2_Voltage_L2,1
main_hccu_table,GTP2_Voltage_L3,1
main_hccu_table,GTP2_Current_I1,1
main_hccu_table,GTP2_Current_I2,1
main_hccu_table,GTP2_Current_I3,1
main_hccu_table,GTP2_Total_Current,1
main_hccu_table,GTP2_Power1_kW,1
main_hccu_table,GTP2_Power2_kW,1
main_hccu_table,GTP2_Power3_kW,1
main_hccu_table,GTP2_Total_Power_kW,1
main_hccu_table,GTP2_PvI,1
main_hccu_table,GTP2_PvV,1
main_hccu_table,GTP2_PvPw_kW,1
main_hccu_table,GTP2_HSTemp,1
main_hccu_table,GTP2_S_code,1
main_hccu_table,GTP2_S1_code,1
main_hccu_table,GTP2_TdayPv_kWh,1
main_hccu_table,GTP2_TdayAc_kWh,1
main_hccu_table,GTP2_Acc_PV_kWh,1
main_hccu_table,GTP2_Acc_AC_kWh,1
main_hccu_table,GTP3_Fq,1
main_hccu_table,GTP3_Voltage_L1,1
main_hccu_table,GTP3_Voltage_L2,1
main_hccu_table,GTP3_Voltage_L3,1
main_hccu_table,GTP3_Current_I1,1
main_hccu_table,GTP3_Current_I2,1
main_hccu_table,GTP3_Current_I3,1
main_hccu_table,GTP3_Total_Current,1
main_hccu_table,GTP3_Power1_kW,1
main_hccu_table,GTP3_Power2_kW,1
main_hccu_table,GTP3_Power3_kW,1
main_hccu_table,GTP3_Total_Power_kW,1
main_hccu_table,GTP3_PvI,1
main_hccu_table,GTP3_PvV,1
main_hccu_table,GTP3_PvPw_kW,1
main_hccu_table,GTP3_HSTemp,1
main_hccu_table,GTP3_S_code,1
main_hccu_table,GTP3_S1_code,1
main_hccu_table,GTP3_TdayPv_kWh,1
main_hccu_table,GTP3_TdayAc_kWh,1
main_hccu_table,GTP3_Acc_PV_kWh,1
main_hccu_table,GTP3_Acc_AC_kWh,1
main_hccu_table,GTP4_Fq,1
main_hccu_table,GTP4_Voltage_L1,1
main_hccu_table,GTP4_Voltage_L2,1
main_hccu_table,GTP4_Voltage_L3,1
main_hccu_table,GTP4_Current_I1,1
main_hccu_table,GTP4_Current_I2,1
main_hccu_table,GTP4_Current_I3,1
main_hccu_table,GTP4_Total_Current,1
main_hccu_table,GTP4_Power1_kW,1
main_hccu_table,GTP4_Power2_kW,1
main_hccu_table,GTP4_Power3_kW,1
main_hccu_table,GTP4_Total_Power_kW,1
main_hccu_table,GTP4_PvI,1
main_hccu_table,GTP4_PvV,1
main_hccu_table,GTP4_PvPw_kW,1
main_hccu_table,GTP4_HSTemp,1
main_hccu_table,GTP4_S_code,1
main_hccu_table,GTP4_S1_code,1
main_hccu_table,GTP4_TdayPv_kWh,1
main_hccu_table,GTP4_TdayAc_kWh,1
main_hccu_table,GTP4_Acc_PV_kWh,1
main_hccu_table,GTP4_Acc_AC_kWh,1
main_hccu_table,GTP5_Fq,1
main_hccu_table,GTP5_Voltage_L1,1
main_hccu_table,GTP5_Voltage_L2,1
main_hccu_table,GTP5_Voltage_L3,1
main_hccu_table,GTP5_Current_I1,1
main_hccu_table,GTP5_Current_I2,1
main_hccu_table,GTP5_Current_I3,1
main_hccu_table,GTP5_Total_Current,1
main_hccu_table,GTP5_Power1_kW,1
main_hccu_table,GTP5_Power2_kW,1
main_hccu_table,GTP5_Power3_kW,1
main_hccu_table,GTP5_Total_Power_kW,1
main_hccu_table,GTP5_PvI,1
main_hccu_table,GTP5_PvV,1
main_hccu_table,GTP5_PvPw_kW,1
main_hccu_table,GTP5_HSTemp,1
main_hccu_table,GTP5_S_code,1
main_hccu_table,GTP5_S1_code,1
main_hccu_table,GTP5_TdayPv_kWh,1
main_hccu_table,GTP5_TdayAc_kWh,1
main_hccu_table,GTP5_Acc_PV_kWh,1
main_hccu_table,GTP5_Acc_AC_kWh,1
main_hccu_table,GTP6_Fq,1
main_hccu_table,GTP6_Voltage_L1,1
main_hccu_table,GTP6_Voltage_L2,1
main_hccu_table,GTP6_Voltage_L3,1
main_hccu_table,GTP6_Current_I1,1
main_hccu_table,GTP6_Current_I2,1
main_hccu_table,GTP6_Current_I3,1
main_hccu_table,GTP6_Total_Current,1
main_hccu_table,GTP6_Power1_kW,1
main_hccu_table,GTP6_Power2_kW,1
main_hccu_table,GTP6_Power3_kW,1
main_hccu_table,GTP6_Total_Power_kW,1
main_hccu_table,GTP6_PvI,1
main_hccu_table,GTP6_PvV,1
main_hccu_table,GTP6_PvPw_kW,1
main_hccu_table,GTP6_HSTemp,1
main_hccu_table,GTP6_S_code,1
main_hccu_table,GTP6_S1_code,1
main_hccu_table,GTP6_TdayPv_kWh,1
main_hccu_table,GTP6_TdayAc_kWh,1
main_hccu_table,GTP6_Acc_PV_kWh,1
main_hccu_table,GTP6_Acc_AC_kWh,1
main_hccu_table,plim_gtp_1,1
main_hccu_table,plim_gtp_2,1
main_hccu_table,plim_gtp_3,1
main_hccu_table,plim_gtp_4,1
main_hccu_table,plim_gtp_5,1
main_hccu_table,plim_gtp_6,1
main_hccu_table,BDI1_V1,1
main_hccu_table,BDI1_V2,1
main_hccu_table,BDI1_V3,1
main_hccu_table,BDI1_I1,1
main_hccu_table,BDI1_I2,1
main_hccu_table,BDI1_I3,1
main_hccu_table,BDI1_Total_Current,1
main_hccu_table,BDI1_P1_kW,1
main_hccu_table,BDI1_P2_kW,1
main_hccu_table,BDI1_P3_kW,1
main_hccu_table,BDI1_Total_Power_kW,1
main_hccu_table,BDI1_Today_AcEO_kWh,1
main_hccu_table,BDI1_Today_AcEI_kWh,1
main_hccu_table,BDI1_Today_DcEO_kWh,1
main_hccu_table,BDI1_Today_DcEI_kWh,1
main_hccu_table,BDI1_Acc_AcEO_kWh,1
main_hccu_table,BDI1_Acc_AcEI_kWh,1
main_hccu_table,BDI1_Acc_DcEO_kWh,1
main_hccu_table,BDI1_Acc_DcEI_kWh,1
main_hccu_table,BDI2_V1,1
main_hccu_table,BDI2_V2,1
main_hccu_table,BDI2_V3,1
main_hccu_table,BDI2_I1,1
main_hccu_table,BDI2_I2,1
main_hccu_table,BDI2_I3,1
main_hccu_table,BDI2_Total_Current,1
main_hccu_table,BDI2_P1_kW,1
main_hccu_table,BDI2_P2_kW,1
main_hccu_table,BDI2_P3_kW,1
main_hccu_table,BDI2_Total_Power_kW,1
main_hccu_table,BDI2_Today_AcEO_kWh,1
main_hccu_table,BDI2_Today_AcEI_kWh,1
main_hccu_table,BDI2_Today_DcEO_kWh,1
main_hccu_table,BDI2_Today_DcEI_kWh,1
main_hccu_table,BDI2_Acc_AcEO_kWh,1
main_hccu_table,BDI2_Acc_AcEI_kWh,1
main_hccu_table,BDI2_Acc_DcEO_kWh,1
main_hccu_table,BDI2_Acc_DcEI_kWh,1
main_hccu_table,BDI3_V1,1
main_hccu_table,BDI3_V2,1
main_hccu_table,BDI3_V3,1
main_hccu_table,BDI3_I1,1
main_hccu_table,BDI3_I2,1
main_hccu_table,BDI3_I3,1
main_hccu_table,BDI3_Total_Current,1
main_hccu_table,BDI3_P1_kW,1
main_hccu_table,BDI3_P2_kW,1
main_hccu_table,BDI3_P3_kW,1
main_hccu_table,BDI3_Total_Power_kW,1
main_hccu_table,BDI3_Today_AcEO_kWh,1
main_hccu_table,BDI3_Today_AcEI_kWh,1
main_hccu_table,BDI3_Today_DcEO_kWh,1
main_hccu_table,BDI3_Today_DcEI_kWh,1
main_hccu_table,BDI3_Acc_AcEO_kWh,1
main_hccu_table,BDI3_Acc_AcEI_kWh,1
main_hccu_table,BDI3_Acc_DcEO_kWh,1
main_hccu_table,BDI3_Acc_DcEI_kWh,1
main_hccu_table,BDI4_V1,1
main_hccu_table,BDI4_V2,1
main_hccu_table,BDI4_V3,1
main_hccu_table,BDI4_I1,1
main_hccu_table,BDI4_I2,1
main_hccu_table,BDI4_I3,1
main_hccu_table,BDI4_Total_Current,1
main_hccu_table,BDI4_P1_kW,1
main_hccu_table,BDI4_P2_kW,1
main_hccu_table,BDI4_P3_kW,1
main_hccu_table,BDI4_Total_Power_kW,1
main_hccu_table,BDI4_Today_AcEO_kWh,1
main_hccu_table,BDI4_Today_AcEI_kWh,1
main_hccu_table,BDI4_Today_DcEO_kWh,1
main_hccu_table,BDI4_Today_DcEI_kWh,1
main_hccu_table,BDI4_Acc_AcEO_kWh,1
main_hccu_table,BDI4_Acc_AcEI_kWh,1
main_hccu_table,BDI4_Acc_DcEO_kWh,1
main_hccu_table,BDI4_Acc_DcEI_kWh,1
main_hccu_table,DLC1_V1,1
main_hccu_table,DLC1_V2,1
main_hccu_table,DLC1_V3,1
main_hccu_table,DLC1_P1,1
main_hccu_table,DLC1_P2,1
main_hccu_table,DLC1_P3,1
main_hccu_table,DLC1_Q1,1
main_hccu_table,DLC1_Q2,1
main_hccu_table,DLC1_Q3,1
main_hccu_table,DLC1_P_percent_1,1
main_hccu_table,DLC1_P_percent_2,1
main_hccu_table,DLC1_P_percent_3,1
main_hccu_table,Dday_KWH1,1
main_hccu_table,Dacc_KWH1,1
main_hccu_table,DLC1_Vdc,1
main_hccu_table,DLC1_S1msb,1
main_hccu_table,DLC1_S1lsb,1
main_hccu_table,DLC1_S2msb,1
main_hccu_table,DLC1_S2lsb,1
main_hccu_table,bDLCcommOK1,1
main_hccu_table,bLowLD1,1
main_hccu_table,bDLCrun1,1
main_hccu_table,Start_gen,1
main_hccu_table,Stop_gen,1
main_hccu_table,SCM1_RoomTemp,1
main_hccu_table,ISC_Temp,1
main_hccu_table,BDI1_Temp,1
main_hccu_table,BDI2_Temp,1
main_hccu_table,BDI3_Temp,1
main_hccu_table,BDI4_Temp,1
main_hccu_table,GTP1_Temp,1
main_hccu_table,GTP2_Temp,1
main_hccu_table,GTP3_Temp,1
main_hccu_table,GTP4_Temp,1
main_hccu_table,GTP5_Temp,1
main_hccu_table,GTP6_Temp,1
status_hccu_table,id,1
status_hccu_table,DatetimeServer,1
status_hccu_table,DatetimeDell,1
status_hccu_table,Datetimehccu,1
status_hccu_table,ISC_Comm_OK,1
status_hccu_table,ISC_S1_code_64,1
status_hccu_table,ISC_S1_sts,1
status_hccu_table,ISC_S2_code_64,1
status_hccu_table,ISC_S2_sts,1
status_hccu_table,ISC_S34_u16,1
status_hccu_table,ISC_S6_u32,1
status_hccu_table,ISC_S7_u16,1
status_hccu_table,Gen_contract,1
status_hccu_table,BDI1_Comm_OK,1
status_hccu_table,BDI1_S1_LSB,1
status_hccu_table,BDI1_S1_MSB,1
status_hccu_table,BDI1_S2_LSB,1
status_hccu_table,BDI1_S2_MSB,1
status_hccu_table,BDI2_Comm_OK,1
status_hccu_table,BDI2_S1_LSB,1
status_hccu_table,BDI2_S1_MSB,1
status_hccu_table,BDI2_S2_LSB,1
status_hccu_table,BDI2_S2_MSB,1
status_hccu_table,BDI3_Comm_OK,1
status_hccu_table,BDI3_S1_LSB,1
status_hccu_table,BDI3_S1_MSB,1
status_hccu_table,BDI3_S2_LSB,1
status_hccu_table,BDI3_S2_MSB,1
status_hccu_table,BDI4_Comm_OK,1
status_hccu_table,BDI4_S1_LSB,1
status_hccu_table,BDI4_S1_MSB,1
status_hccu_table,BDI4_S2_LSB,1
status_hccu_table,BDI4_S2_MSB,1
status_hccu_table,SCM1_Comm_OK,1
status_hccu_table,SCM1_S1_LSB,1
status_hccu_table,SCM1_S1_MSB,1
status_hccu_table,SCM2_Comm_OK,1
status_hccu_table,SCM2_S1_LSB,1
status_hccu_table,SCM2_S1_MSB,1
status_hccu_table,SCM3_Comm_OK,1
status_hccu_table,SCM3_S1_LSB,1
status_hccu_table,SCM3_S1_MSB,1
status_hccu_table,SCM4_Comm_OK,1
status_hccu_table,SCM4_S1_LSB,1
status_hccu_table,SCM4_S1_MSB,1
status_hccu_table,SCM5_Comm_OK,1
status_hccu_table,SCM5_S1_LSB,1
status_hccu_table,SCM5_S1_MSB,1
status_hccu_table,SCM6_Comm_OK,1
status_hccu_table,SCM6_S1_LSB,1
status_hccu_table,SCM6_S1_MSB,1
status_hccu_table,SCM7_Comm_OK,1
status_hccu_table,SCM7_S1_LSB,1
status_hccu_table,SCM7_S1_MSB,1
status_hccu_table,SCM8_Comm_OK,1
status_hccu_table,SCM8_S1_LSB,1
status_hccu_table,SCM8_S1_MSB,1
status_hccu_table,SCM9_Comm_OK,1
status_hccu_table,SCM9_S1_LSB,1
status_hccu_table,SCM9_S1_MSB,1
status_hccu_table,SCM10_Comm_OK,1
status_hccu_table,SCM10_S1_LSB,1
status_hccu_table,SCM10_S1_MSB,1
status_hccu_table,SCM11_Comm_OK,1
status_hccu_table,SCM11_S1_LSB,1
status_hccu_table,SCM11_S1_MSB,1
status_hccu_table,SCM12_Comm_OK,1
status_hccu_table,SCM12_S1_LSB,1
status_hccu_table,SCM12_S1_MSB,1
status_hccu_table,SCM13_Comm_OK,1
status_hccu_table,SCM13_S1_LSB,1
status_hccu_table,SCM13_S1_MSB,1
status_hccu_table,SCM14_Comm_OK,1
status_hccu_table,SCM14_S1_LSB,1
status_hccu_table,SCM14_S1_MSB,1
status_hccu_table,SCM15_Comm_OK,1
status_hccu_table,SCM15_S1_LSB,1
status_hccu_table,SCM15_S1_MSB,1
status_hccu_table,GTP1_Comm_OK,1
status_hccu_table,GTP1_S,1
status_hccu_table,GTP1_S1,1
status_hccu_table,GTP2_Comm_OK,1
status_hccu_table,GTP2_S,1
status_hccu_table,GTP2_S1,1
status_hccu_table,GTP3_Comm_OK,1
status_hccu_table,GTP3_S,1
status_hccu_table,GTP3_S1,1
status_hccu_table,GTP4_Comm_OK,1
status_hccu_table,GTP4_S,1
status_hccu_table,GTP4_S1,1
status_hccu_table,GTP5_Comm_OK,1
status_hccu_table,GTP5_S,1
status_hccu_table,GTP5_S1,1
status_hccu_table,GTP6_Comm_OK,1
status_hccu_table,GTP6_S,1
status_hccu_table,GTP6_S1,1
status_hccu_table,HCCU_OK,1
status_hccu_table,HCCU_in_Control_OK,1
status_hccu_table,AutoSw_OK,1
status_hccu_table,SMU_status,1
status_hccu_table,OPM_Comm_OK,1
status_hccu_table,SMU_RM_Comm_OK,1
status_hccu_table,G4300TL_M_Comm_OK,1
status_hccu_table,Ld1_Comm_OK,1
status_hccu_table,Gen_controller_Comm1_OK,1
status_hccu_table,Gen_controller_Comm2_OK,1
status_hccu_table,Gen_controller_Comm3_OK,1
status_hccu_table,Gen_controller_Comm4_OK,1
status_hccu_table,Gen_controller_Comm5_OK,1
status_hccu_table,MET_ONE_Comm_OK,1
status_hccu_table,HCCU_Comm_OK,1
status_hccu_table,LBM1_Comm_OK,1
status_hccu_table,LBM2_Comm_OK,1
status_hccu_table,LBM3_Comm_OK,1
status_hccu_table,LBM4_Comm_OK,1
status_hccu_table,LBM5_Comm_OK,1
status_hccu_table,LBM6_Comm_OK,1
status_hccu_table,LBM7_Comm_OK,1
status_hccu_table,LBM8_Comm_OK,1
status_hccu_table,LBM9_Comm_OK,1
status_hccu_table,LBM10_Comm_OK,1
status_hccu_table,LBM11_Comm_OK,1
status_hccu_table,LBM12_Comm_OK,1
status_hccu_table,LBM13_Comm_OK,1
status_hccu_table,LBM14_Comm_OK,1
status_hccu_table,LBM15_Comm_OK,1
status_hccu_table,LBM16_Comm_OK,1
status_hccu_table,LBM17_Comm_OK,1
status_hccu_table,LBM18_Comm_OK,1
status_hccu_table,LBM19_Comm_OK,1
status_hccu_table,LBM20_Comm_OK,1
status_hccu_table,LBM21_Comm_OK,1
status_hccu_table,LBM22_Comm_OK,1
status_hccu_table,LBM23_Comm_OK,1
status_hccu_table,LBM24_Comm_OK,1
status_hccu_table,LBM25_Comm_OK,1
status_hccu_table,LBM26_Comm_OK,1
status_hccu_table,LBM27_Comm_OK,1
status_hccu_table,LBM28_Comm_OK,1
status_hccu_table,LBM29_Comm_OK,1
status_hccu_table,LBM30_Comm_OK,1
status_hccu_table,LBM31_Comm_OK,1
status_hccu_table,LBM32_Comm_OK,1
status_hccu_table,LBM33_Comm_OK,1
status_hccu_table,LBM34_Comm_OK,1
status_hccu_table,LBM35_Comm_OK,1
status_hccu_table,LBM36_Comm_OK,1
status_hccu_table,LBM37_Comm_OK,1
status_hccu_table,LBM38_Comm_OK,1
status_hccu_table,LBM39_Comm_OK,1
status_hccu_table,LBM40_Comm_OK,1
status_hccu_table,LBM41_Comm_OK,1
status_hccu_table,LBM42_Comm_OK,1
status_hccu_table,LBM43_Comm_OK,1
status_hccu_table,LBM44_Comm_OK,1
status_hccu_table,LBM45_Comm_OK,1
status_hccu_table,LBM46_Comm_OK,1
status_hccu_table,LBM47_Comm_OK,1
status_hccu_table,LBM48_Comm_OK,1
status_hccu_table,LBM49_Comm_OK,1
status_hccu_table,LBM50_Comm_OK,1
status_hccu_table,LBM51_Comm_OK,1
status_hccu_table,LBM52_Comm_OK,1
status_hccu_table,LBM53_Comm_OK,1
status_hccu_table,LBM54_Comm_OK,1
status_hccu_table,LBM55_Comm_OK,1
status_hccu_table,LBM56_Comm_OK,1
status_hccu_table,LBM57_Comm_OK,1
status_hccu_table,LBM58_Comm_OK,1
status_hccu_table,LBM59_Comm_OK,1
status_hccu_table,LBM60_Comm_OK,1
status_hccu_table,LBM61_Comm_OK,1
status_hccu_table,LBM62_Comm_OK,1
status_hccu_table,LBM63_Comm_OK,1
status_hccu_table,LBM64_Comm_OK,1
status_hccu_table,LBM65_Comm_OK,1
status_hccu_table,LBM66_Comm_OK,1
status_hccu_table,LBM67_Comm_OK,1
status_hccu_table,LBM68_Comm_OK,1
status_hccu_table,LBM69_Comm_OK,1
status_hccu_table,LBM70_Comm_OK,1
status_hccu_table,LBM71_Comm_OK,1
status_hccu_table,LBM72_Comm_OK,1
